graph_id;vertices;edges;density;variant;algorithm;total_operations_count;total_execution_time_ms;path_length
1;6;10;sparse;pure_dag;Tarjan_SCC;16;1.481583;
1;6;10;sparse;pure_dag;Topo_Kahn;22;0.020708;
1;6;10;sparse;pure_dag;DAG_Shortest;7;0.016000;7.000000
1;6;10;sparse;pure_dag;DAG_Longest;7;0.009833;10.900000
2;8;14;sparse;one_cycle;Tarjan_SCC;22;0.028084;
2;8;14;sparse;one_cycle;Topo_Kahn;2;0.002416;
2;8;14;sparse;one_cycle;DAG_Shortest;0;0.001750;0.000000
2;8;14;sparse;one_cycle;DAG_Longest;0;0.001500;0.000000
3;10;18;sparse;two_cycles;Tarjan_SCC;28;0.026667;
3;10;18;sparse;two_cycles;Topo_Kahn;5;0.005459;
3;10;18;sparse;two_cycles;DAG_Shortest;1;0.003125;2.200000
3;10;18;sparse;two_cycles;DAG_Longest;1;0.002542;2.200000
4;12;21;sparse;mixed;Tarjan_SCC;33;0.032459;
4;12;21;sparse;mixed;Topo_Kahn;12;0.007875;
4;12;21;sparse;mixed;DAG_Shortest;4;0.005750;14.100000
4;12;21;sparse;mixed;DAG_Longest;4;0.005166;16.000000
5;16;28;sparse;mixed;Tarjan_SCC;44;0.037542;
5;16;28;sparse;mixed;Topo_Kahn;17;0.010083;
5;16;28;sparse;mixed;DAG_Shortest;7;0.007209;9.800000
5;16;28;sparse;mixed;DAG_Longest;7;0.006708;25.900000
6;20;36;sparse;mixed;Tarjan_SCC;56;0.043542;
6;20;36;sparse;mixed;Topo_Kahn;13;0.008083;
6;20;36;sparse;mixed;DAG_Shortest;5;0.005666;6.400000
6;20;36;sparse;mixed;DAG_Longest;5;0.005375;10.400000
7;25;45;sparse;many_sccs;Tarjan_SCC;70;0.066375;
7;25;45;sparse;many_sccs;Topo_Kahn;29;0.027958;
7;25;45;sparse;many_sccs;DAG_Shortest;6;0.008291;43.100000
7;25;45;sparse;many_sccs;DAG_Longest;6;0.007708;43.100000
8;35;63;sparse;pure_dag;Tarjan_SCC;98;0.060209;
8;35;63;sparse;pure_dag;Topo_Kahn;133;0.039000;
8;35;63;sparse;pure_dag;DAG_Shortest;11;0.006167;16.100000
8;35;63;sparse;pure_dag;DAG_Longest;11;0.005292;17.800000
9;50;90;sparse;many_sccs;Tarjan_SCC;140;0.045666;
9;50;90;sparse;many_sccs;Topo_Kahn;25;0.005959;
9;50;90;sparse;many_sccs;DAG_Shortest;5;0.002458;9.400000
9;50;90;sparse;many_sccs;DAG_Longest;5;0.001917;17.900000
1;6;10;dense;pure_dag;Tarjan_SCC;16;0.015125;
1;6;10;dense;pure_dag;Topo_Kahn;22;0.004333;
1;6;10;dense;pure_dag;DAG_Shortest;7;0.003125;9.500000
1;6;10;dense;pure_dag;DAG_Longest;7;0.002708;12.600000
2;8;18;dense;one_cycle;Tarjan_SCC;26;0.010583;
2;8;18;dense;one_cycle;Topo_Kahn;2;0.000959;
2;8;18;dense;one_cycle;DAG_Shortest;0;0.000750;0.000000
2;8;18;dense;one_cycle;DAG_Longest;0;0.001667;0.000000
3;10;30;dense;two_cycles;Tarjan_SCC;40;0.012750;
3;10;30;dense;two_cycles;Topo_Kahn;5;0.001542;
3;10;30;dense;two_cycles;DAG_Shortest;1;0.001167;2.700000
3;10;30;dense;two_cycles;DAG_Longest;1;0.000833;2.700000
4;12;39;dense;mixed;Tarjan_SCC;51;0.017541;
4;12;39;dense;mixed;Topo_Kahn;9;0.002208;
4;12;39;dense;mixed;DAG_Shortest;3;0.001583;5.500000
4;12;39;dense;mixed;DAG_Longest;3;0.001250;11.400000
5;16;53;dense;mixed;Tarjan_SCC;69;0.018167;
5;16;53;dense;mixed;Topo_Kahn;13;0.002334;
5;16;53;dense;mixed;DAG_Shortest;5;0.001958;9.600000
5;16;53;dense;mixed;DAG_Longest;5;0.001542;14.200000
6;20;67;dense;mixed;Tarjan_SCC;87;0.033666;
6;20;67;dense;mixed;Topo_Kahn;17;0.002875;
6;20;67;dense;mixed;DAG_Shortest;7;0.002375;4.500000
6;20;67;dense;mixed;DAG_Longest;7;0.002917;12.800000
7;25;71;dense;many_sccs;Tarjan_SCC;96;0.026834;
7;25;71;dense;many_sccs;Topo_Kahn;43;0.005417;
7;25;71;dense;many_sccs;DAG_Shortest;16;0.003500;10.600000
7;25;71;dense;many_sccs;DAG_Longest;16;0.003125;37.700000
8;35;140;dense;pure_dag;Tarjan_SCC;175;0.038042;
8;35;140;dense;pure_dag;Topo_Kahn;210;0.022458;
8;35;140;dense;pure_dag;DAG_Shortest;40;0.008333;14.500000
8;35;140;dense;pure_dag;DAG_Longest;40;0.008333;21.600000
9;50;200;dense;many_sccs;Tarjan_SCC;250;0.058542;
9;50;200;dense;many_sccs;Topo_Kahn;19;0.003250;
9;50;200;dense;many_sccs;DAG_Shortest;6;0.002083;6.000000
9;50;200;dense;many_sccs;DAG_Longest;6;0.001708;17.900000
1;6;10;sparse;pure_dag;Tarjan_SCC;16;1.674375;
1;6;10;sparse;pure_dag;Topo_Kahn;22;0.020000;
1;6;10;sparse;pure_dag;DAG_Shortest;7;0.015917;7.000000
1;6;10;sparse;pure_dag;DAG_Longest;7;0.009541;10.900000
2;8;14;sparse;one_cycle;Tarjan_SCC;22;0.029375;
2;8;14;sparse;one_cycle;Topo_Kahn;2;0.002375;
2;8;14;sparse;one_cycle;DAG_Shortest;0;0.001583;0.000000
2;8;14;sparse;one_cycle;DAG_Longest;0;0.001417;0.000000
3;10;18;sparse;two_cycles;Tarjan_SCC;28;0.031083;
3;10;18;sparse;two_cycles;Topo_Kahn;5;0.004125;
3;10;18;sparse;two_cycles;DAG_Shortest;1;0.002916;2.200000
3;10;18;sparse;two_cycles;DAG_Longest;1;0.002459;2.200000
4;12;21;sparse;mixed;Tarjan_SCC;33;0.057542;
4;12;21;sparse;mixed;Topo_Kahn;12;0.008417;
4;12;21;sparse;mixed;DAG_Shortest;4;0.005875;14.100000
4;12;21;sparse;mixed;DAG_Longest;4;0.005209;16.000000
5;16;28;sparse;mixed;Tarjan_SCC;44;0.039792;
5;16;28;sparse;mixed;Topo_Kahn;17;0.010709;
5;16;28;sparse;mixed;DAG_Shortest;7;0.007583;9.800000
5;16;28;sparse;mixed;DAG_Longest;7;0.010875;25.900000
6;20;36;sparse;mixed;Tarjan_SCC;56;0.058334;
6;20;36;sparse;mixed;Topo_Kahn;13;0.012833;
6;20;36;sparse;mixed;DAG_Shortest;5;0.007416;6.400000
6;20;36;sparse;mixed;DAG_Longest;5;0.005625;10.400000
7;25;45;sparse;many_sccs;Tarjan_SCC;70;0.069125;
7;25;45;sparse;many_sccs;Topo_Kahn;29;0.101833;
7;25;45;sparse;many_sccs;DAG_Shortest;6;0.009000;43.100000
7;25;45;sparse;many_sccs;DAG_Longest;6;0.007416;43.100000
8;35;63;sparse;pure_dag;Tarjan_SCC;98;0.109167;
8;35;63;sparse;pure_dag;Topo_Kahn;133;0.026916;
8;35;63;sparse;pure_dag;DAG_Shortest;11;0.007042;16.100000
8;35;63;sparse;pure_dag;DAG_Longest;11;0.006416;17.800000
9;50;90;sparse;many_sccs;Tarjan_SCC;140;0.049958;
9;50;90;sparse;many_sccs;Topo_Kahn;25;0.006875;
9;50;90;sparse;many_sccs;DAG_Shortest;5;0.002500;9.400000
9;50;90;sparse;many_sccs;DAG_Longest;5;0.002000;17.900000
1;6;10;dense;pure_dag;Tarjan_SCC;16;0.021500;
1;6;10;dense;pure_dag;Topo_Kahn;22;0.004291;
1;6;10;dense;pure_dag;DAG_Shortest;7;0.003250;9.500000
1;6;10;dense;pure_dag;DAG_Longest;7;0.008292;12.600000
2;8;18;dense;one_cycle;Tarjan_SCC;26;0.010666;
2;8;18;dense;one_cycle;Topo_Kahn;2;0.001042;
2;8;18;dense;one_cycle;DAG_Shortest;0;0.024958;0.000000
2;8;18;dense;one_cycle;DAG_Longest;0;0.001625;0.000000
3;10;30;dense;two_cycles;Tarjan_SCC;40;0.014875;
3;10;30;dense;two_cycles;Topo_Kahn;5;0.001833;
3;10;30;dense;two_cycles;DAG_Shortest;1;0.001333;2.700000
3;10;30;dense;two_cycles;DAG_Longest;1;0.002333;2.700000
4;12;39;dense;mixed;Tarjan_SCC;51;0.017291;
4;12;39;dense;mixed;Topo_Kahn;9;0.002083;
4;12;39;dense;mixed;DAG_Shortest;3;0.001625;5.500000
4;12;39;dense;mixed;DAG_Longest;3;0.001167;11.400000
5;16;53;dense;mixed;Tarjan_SCC;69;0.019375;
5;16;53;dense;mixed;Topo_Kahn;13;0.002500;
5;16;53;dense;mixed;DAG_Shortest;5;0.002041;9.600000
5;16;53;dense;mixed;DAG_Longest;5;0.002750;14.200000
6;20;67;dense;mixed;Tarjan_SCC;87;0.030500;
6;20;67;dense;mixed;Topo_Kahn;17;0.003000;
6;20;67;dense;mixed;DAG_Shortest;7;0.002375;4.500000
6;20;67;dense;mixed;DAG_Longest;7;0.001834;12.800000
7;25;71;dense;many_sccs;Tarjan_SCC;96;0.027250;
7;25;71;dense;many_sccs;Topo_Kahn;43;0.005584;
7;25;71;dense;many_sccs;DAG_Shortest;16;0.003625;10.600000
7;25;71;dense;many_sccs;DAG_Longest;16;0.003208;37.700000
8;35;140;dense;pure_dag;Tarjan_SCC;175;0.038625;
8;35;140;dense;pure_dag;Topo_Kahn;210;0.021917;
8;35;140;dense;pure_dag;DAG_Shortest;40;0.008917;14.500000
8;35;140;dense;pure_dag;DAG_Longest;40;0.008875;21.600000
9;50;200;dense;many_sccs;Tarjan_SCC;250;0.059750;
9;50;200;dense;many_sccs;Topo_Kahn;19;0.003250;
9;50;200;dense;many_sccs;DAG_Shortest;6;0.002125;6.000000
9;50;200;dense;many_sccs;DAG_Longest;6;0.001750;17.900000
1;6;10;sparse;pure_dag;Tarjan_SCC;16;1.581084;
1;6;10;sparse;pure_dag;Topo_Kahn;22;0.020291;
1;6;10;sparse;pure_dag;DAG_Shortest;7;0.015959;7.000000
1;6;10;sparse;pure_dag;DAG_Longest;7;0.010125;10.900000
2;8;14;sparse;one_cycle;Tarjan_SCC;22;0.027166;
2;8;14;sparse;one_cycle;Topo_Kahn;2;0.002291;
2;8;14;sparse;one_cycle;DAG_Shortest;0;0.001625;0.000000
2;8;14;sparse;one_cycle;DAG_Longest;0;0.001458;0.000000
3;10;18;sparse;two_cycles;Tarjan_SCC;28;0.028458;
3;10;18;sparse;two_cycles;Topo_Kahn;5;0.004125;
3;10;18;sparse;two_cycles;DAG_Shortest;1;0.003000;2.200000
3;10;18;sparse;two_cycles;DAG_Longest;1;0.002584;2.200000
4;12;21;sparse;mixed;Tarjan_SCC;33;0.028833;
4;12;21;sparse;mixed;Topo_Kahn;12;0.007666;
4;12;21;sparse;mixed;DAG_Shortest;4;0.005834;14.100000
4;12;21;sparse;mixed;DAG_Longest;4;0.005250;16.000000
5;16;28;sparse;mixed;Tarjan_SCC;44;0.040375;
5;16;28;sparse;mixed;Topo_Kahn;17;0.012500;
5;16;28;sparse;mixed;DAG_Shortest;7;0.007459;9.800000
5;16;28;sparse;mixed;DAG_Longest;7;0.012042;25.900000
6;20;36;sparse;mixed;Tarjan_SCC;56;0.046250;
6;20;36;sparse;mixed;Topo_Kahn;13;0.015000;
6;20;36;sparse;mixed;DAG_Shortest;5;0.006917;6.400000
6;20;36;sparse;mixed;DAG_Longest;5;0.005416;10.400000
7;25;45;sparse;many_sccs;Tarjan_SCC;70;0.070125;
7;25;45;sparse;many_sccs;Topo_Kahn;29;0.021125;
7;25;45;sparse;many_sccs;DAG_Shortest;6;0.008167;43.100000
7;25;45;sparse;many_sccs;DAG_Longest;6;0.007042;43.100000
8;35;63;sparse;pure_dag;Tarjan_SCC;98;0.053416;
8;35;63;sparse;pure_dag;Topo_Kahn;133;0.028750;
8;35;63;sparse;pure_dag;DAG_Shortest;11;0.006167;16.100000
8;35;63;sparse;pure_dag;DAG_Longest;11;0.005333;17.800000
9;50;90;sparse;many_sccs;Tarjan_SCC;140;0.047833;
9;50;90;sparse;many_sccs;Topo_Kahn;25;0.005792;
9;50;90;sparse;many_sccs;DAG_Shortest;5;0.002458;9.400000
9;50;90;sparse;many_sccs;DAG_Longest;5;0.001959;17.900000
1;6;10;dense;pure_dag;Tarjan_SCC;16;0.016541;
1;6;10;dense;pure_dag;Topo_Kahn;22;0.004375;
1;6;10;dense;pure_dag;DAG_Shortest;7;0.003000;9.500000
1;6;10;dense;pure_dag;DAG_Longest;7;0.007750;12.600000
2;8;18;dense;one_cycle;Tarjan_SCC;26;0.010750;
2;8;18;dense;one_cycle;Topo_Kahn;2;0.001166;
2;8;18;dense;one_cycle;DAG_Shortest;0;0.000791;0.000000
2;8;18;dense;one_cycle;DAG_Longest;0;0.000542;0.000000
3;10;30;dense;two_cycles;Tarjan_SCC;40;0.013625;
3;10;30;dense;two_cycles;Topo_Kahn;5;0.001584;
3;10;30;dense;two_cycles;DAG_Shortest;1;0.001250;2.700000
3;10;30;dense;two_cycles;DAG_Longest;1;0.001708;2.700000
4;12;39;dense;mixed;Tarjan_SCC;51;0.016708;
4;12;39;dense;mixed;Topo_Kahn;9;0.002083;
4;12;39;dense;mixed;DAG_Shortest;3;0.001625;5.500000
4;12;39;dense;mixed;DAG_Longest;3;0.001291;11.400000
5;16;53;dense;mixed;Tarjan_SCC;69;0.018208;
5;16;53;dense;mixed;Topo_Kahn;13;0.002542;
5;16;53;dense;mixed;DAG_Shortest;5;0.002000;9.600000
5;16;53;dense;mixed;DAG_Longest;5;0.002666;14.200000
6;20;67;dense;mixed;Tarjan_SCC;87;0.029792;
6;20;67;dense;mixed;Topo_Kahn;17;0.003000;
6;20;67;dense;mixed;DAG_Shortest;7;0.002292;4.500000
6;20;67;dense;mixed;DAG_Longest;7;0.001875;12.800000
7;25;71;dense;many_sccs;Tarjan_SCC;96;0.027083;
7;25;71;dense;many_sccs;Topo_Kahn;43;0.005708;
7;25;71;dense;many_sccs;DAG_Shortest;16;0.003584;10.600000
7;25;71;dense;many_sccs;DAG_Longest;16;0.003209;37.700000
8;35;140;dense;pure_dag;Tarjan_SCC;175;0.038834;
8;35;140;dense;pure_dag;Topo_Kahn;210;0.022083;
8;35;140;dense;pure_dag;DAG_Shortest;40;0.009042;14.500000
8;35;140;dense;pure_dag;DAG_Longest;40;0.008792;21.600000
9;50;200;dense;many_sccs;Tarjan_SCC;250;0.059916;
9;50;200;dense;many_sccs;Topo_Kahn;19;0.003209;
9;50;200;dense;many_sccs;DAG_Shortest;6;0.002334;6.000000
9;50;200;dense;many_sccs;DAG_Longest;6;0.001792;17.900000
1;6;10;sparse;pure_dag;Tarjan_SCC;16;0.950709;
1;6;10;sparse;pure_dag;Topo_Kahn;22;0.019375;
1;6;10;sparse;pure_dag;DAG_Shortest;7;0.014833;7.000000
1;6;10;sparse;pure_dag;DAG_Longest;7;0.007209;10.900000
2;8;14;sparse;one_cycle;Tarjan_SCC;22;0.024583;
2;8;14;sparse;one_cycle;Topo_Kahn;2;0.001833;
2;8;14;sparse;one_cycle;DAG_Shortest;0;0.001291;0.000000
2;8;14;sparse;one_cycle;DAG_Longest;0;0.001041;0.000000
3;10;18;sparse;two_cycles;Tarjan_SCC;28;0.026458;
3;10;18;sparse;two_cycles;Topo_Kahn;5;0.003667;
3;10;18;sparse;two_cycles;DAG_Shortest;1;0.002417;2.200000
3;10;18;sparse;two_cycles;DAG_Longest;1;0.001792;2.200000
4;12;21;sparse;mixed;Tarjan_SCC;33;0.025834;
4;12;21;sparse;mixed;Topo_Kahn;12;0.006916;
4;12;21;sparse;mixed;DAG_Shortest;4;0.004583;14.100000
4;12;21;sparse;mixed;DAG_Longest;4;0.005083;16.000000
5;16;28;sparse;mixed;Tarjan_SCC;44;0.033042;
5;16;28;sparse;mixed;Topo_Kahn;17;0.011167;
5;16;28;sparse;mixed;DAG_Shortest;7;0.005000;9.800000
5;16;28;sparse;mixed;DAG_Longest;7;0.004333;25.900000
6;20;36;sparse;mixed;Tarjan_SCC;56;0.040250;
6;20;36;sparse;mixed;Topo_Kahn;13;0.007625;
6;20;36;sparse;mixed;DAG_Shortest;5;0.003625;6.400000
6;20;36;sparse;mixed;DAG_Longest;5;0.003167;10.400000
7;25;45;sparse;many_sccs;Tarjan_SCC;70;0.039792;
7;25;45;sparse;many_sccs;Topo_Kahn;29;0.019000;
7;25;45;sparse;many_sccs;DAG_Shortest;6;0.005000;43.100000
7;25;45;sparse;many_sccs;DAG_Longest;6;0.004250;43.100000
8;35;63;sparse;pure_dag;Tarjan_SCC;98;0.038500;
8;35;63;sparse;pure_dag;Topo_Kahn;133;0.018417;
8;35;63;sparse;pure_dag;DAG_Shortest;11;0.004541;16.100000
8;35;63;sparse;pure_dag;DAG_Longest;11;0.005334;17.800000
9;50;90;sparse;many_sccs;Tarjan_SCC;140;0.046084;
9;50;90;sparse;many_sccs;Topo_Kahn;25;0.003333;
9;50;90;sparse;many_sccs;DAG_Shortest;5;0.002833;9.400000
9;50;90;sparse;many_sccs;DAG_Longest;5;0.001459;17.900000
1;6;10;dense;pure_dag;Tarjan_SCC;16;0.013125;
1;6;10;dense;pure_dag;Topo_Kahn;22;0.004625;
1;6;10;dense;pure_dag;DAG_Shortest;7;0.002917;9.500000
1;6;10;dense;pure_dag;DAG_Longest;7;0.001875;12.600000
2;8;18;dense;one_cycle;Tarjan_SCC;26;0.021292;
2;8;18;dense;one_cycle;Topo_Kahn;2;0.001208;
2;8;18;dense;one_cycle;DAG_Shortest;0;0.002500;0.000000
2;8;18;dense;one_cycle;DAG_Longest;0;0.000417;0.000000
3;10;30;dense;two_cycles;Tarjan_SCC;40;0.014292;
3;10;30;dense;two_cycles;Topo_Kahn;5;0.001625;
3;10;30;dense;two_cycles;DAG_Shortest;1;0.001125;2.700000
3;10;30;dense;two_cycles;DAG_Longest;1;0.000708;2.700000
4;12;39;dense;mixed;Tarjan_SCC;51;0.014709;
4;12;39;dense;mixed;Topo_Kahn;9;0.001875;
4;12;39;dense;mixed;DAG_Shortest;3;0.001417;5.500000
4;12;39;dense;mixed;DAG_Longest;3;0.000916;11.400000
5;16;53;dense;mixed;Tarjan_SCC;69;0.026542;
5;16;53;dense;mixed;Topo_Kahn;13;0.002416;
5;16;53;dense;mixed;DAG_Shortest;5;0.001750;9.600000
5;16;53;dense;mixed;DAG_Longest;5;0.001250;14.200000
6;20;67;dense;mixed;Tarjan_SCC;87;0.029375;
6;20;67;dense;mixed;Topo_Kahn;17;0.002750;
6;20;67;dense;mixed;DAG_Shortest;7;0.001958;4.500000
6;20;67;dense;mixed;DAG_Longest;7;0.001500;12.800000
7;25;71;dense;many_sccs;Tarjan_SCC;96;0.025875;
7;25;71;dense;many_sccs;Topo_Kahn;43;0.004750;
7;25;71;dense;many_sccs;DAG_Shortest;16;0.003000;10.600000
7;25;71;dense;many_sccs;DAG_Longest;16;0.002667;37.700000
8;35;140;dense;pure_dag;Tarjan_SCC;175;0.037291;
8;35;140;dense;pure_dag;Topo_Kahn;210;0.018667;
8;35;140;dense;pure_dag;DAG_Shortest;40;0.006584;14.500000
8;35;140;dense;pure_dag;DAG_Longest;40;0.006750;21.600000
9;50;200;dense;many_sccs;Tarjan_SCC;250;0.055666;
9;50;200;dense;many_sccs;Topo_Kahn;19;0.002792;
9;50;200;dense;many_sccs;DAG_Shortest;6;0.001750;6.000000
9;50;200;dense;many_sccs;DAG_Longest;6;0.001375;17.900000
1;6;10;sparse;pure_dag;Tarjan_SCC;16;0.941208;
1;6;10;sparse;pure_dag;Topo_Kahn;22;0.022958;
1;6;10;sparse;pure_dag;DAG_Shortest;7;0.015958;7.000000
1;6;10;sparse;pure_dag;DAG_Longest;7;0.007875;10.900000
2;8;14;sparse;one_cycle;Tarjan_SCC;22;0.022041;
2;8;14;sparse;one_cycle;Topo_Kahn;2;0.001917;
2;8;14;sparse;one_cycle;DAG_Shortest;0;0.001459;0.000000
2;8;14;sparse;one_cycle;DAG_Longest;0;0.001042;0.000000
3;10;18;sparse;two_cycles;Tarjan_SCC;28;0.066500;
3;10;18;sparse;two_cycles;Topo_Kahn;5;0.004917;
3;10;18;sparse;two_cycles;DAG_Shortest;1;0.002250;2.200000
3;10;18;sparse;two_cycles;DAG_Longest;1;0.001875;2.200000
4;12;21;sparse;mixed;Tarjan_SCC;33;0.021125;
4;12;21;sparse;mixed;Topo_Kahn;12;0.008125;
4;12;21;sparse;mixed;DAG_Shortest;4;0.004250;14.100000
4;12;21;sparse;mixed;DAG_Longest;4;0.003666;16.000000
5;16;28;sparse;mixed;Tarjan_SCC;44;0.032209;
5;16;28;sparse;mixed;Topo_Kahn;17;0.011833;
5;16;28;sparse;mixed;DAG_Shortest;7;0.004958;9.800000
5;16;28;sparse;mixed;DAG_Longest;7;0.004416;25.900000
6;20;36;sparse;mixed;Tarjan_SCC;56;0.039791;
6;20;36;sparse;mixed;Topo_Kahn;13;0.007791;
6;20;36;sparse;mixed;DAG_Shortest;5;0.003625;6.400000
6;20;36;sparse;mixed;DAG_Longest;5;0.003166;10.400000
7;25;45;sparse;many_sccs;Tarjan_SCC;70;0.040042;
7;25;45;sparse;many_sccs;Topo_Kahn;29;0.012291;
7;25;45;sparse;many_sccs;DAG_Shortest;6;0.003333;43.100000
7;25;45;sparse;many_sccs;DAG_Longest;6;0.002709;43.100000
8;35;63;sparse;pure_dag;Tarjan_SCC;98;0.035667;
8;35;63;sparse;pure_dag;Topo_Kahn;133;0.019333;
8;35;63;sparse;pure_dag;DAG_Shortest;11;0.005250;16.100000
8;35;63;sparse;pure_dag;DAG_Longest;11;0.004875;17.800000
9;50;90;sparse;many_sccs;Tarjan_SCC;140;0.052125;
9;50;90;sparse;many_sccs;Topo_Kahn;25;0.005458;
9;50;90;sparse;many_sccs;DAG_Shortest;5;0.001917;9.400000
9;50;90;sparse;many_sccs;DAG_Longest;5;0.001458;17.900000
1;6;10;dense;pure_dag;Tarjan_SCC;16;0.012875;
1;6;10;dense;pure_dag;Topo_Kahn;22;0.003542;
1;6;10;dense;pure_dag;DAG_Shortest;7;0.002625;9.500000
1;6;10;dense;pure_dag;DAG_Longest;7;0.001833;12.600000
2;8;18;dense;one_cycle;Tarjan_SCC;26;0.015083;
2;8;18;dense;one_cycle;Topo_Kahn;2;0.001167;
2;8;18;dense;one_cycle;DAG_Shortest;0;0.000667;0.000000
2;8;18;dense;one_cycle;DAG_Longest;0;0.000417;0.000000
3;10;30;dense;two_cycles;Tarjan_SCC;40;0.014833;
3;10;30;dense;two_cycles;Topo_Kahn;5;0.001375;
3;10;30;dense;two_cycles;DAG_Shortest;1;0.001042;2.700000
3;10;30;dense;two_cycles;DAG_Longest;1;0.000709;2.700000
4;12;39;dense;mixed;Tarjan_SCC;51;0.014542;
4;12;39;dense;mixed;Topo_Kahn;9;0.001833;
4;12;39;dense;mixed;DAG_Shortest;3;0.001417;5.500000
4;12;39;dense;mixed;DAG_Longest;3;0.000959;11.400000
5;16;53;dense;mixed;Tarjan_SCC;69;0.018708;
5;16;53;dense;mixed;Topo_Kahn;13;0.002209;
5;16;53;dense;mixed;DAG_Shortest;5;0.001625;9.600000
5;16;53;dense;mixed;DAG_Longest;5;0.001750;14.200000
6;20;67;dense;mixed;Tarjan_SCC;87;0.028042;
6;20;67;dense;mixed;Topo_Kahn;17;0.002834;
6;20;67;dense;mixed;DAG_Shortest;7;0.002208;4.500000
6;20;67;dense;mixed;DAG_Longest;7;0.001500;12.800000
7;25;71;dense;many_sccs;Tarjan_SCC;96;0.027458;
7;25;71;dense;many_sccs;Topo_Kahn;43;0.005333;
7;25;71;dense;many_sccs;DAG_Shortest;16;0.003125;10.600000
7;25;71;dense;many_sccs;DAG_Longest;16;0.002625;37.700000
8;35;140;dense;pure_dag;Tarjan_SCC;175;0.038458;
8;35;140;dense;pure_dag;Topo_Kahn;210;0.019375;
8;35;140;dense;pure_dag;DAG_Shortest;40;0.006917;14.500000
8;35;140;dense;pure_dag;DAG_Longest;40;0.007292;21.600000
9;50;200;dense;many_sccs;Tarjan_SCC;250;0.054750;
9;50;200;dense;many_sccs;Topo_Kahn;19;0.002750;
9;50;200;dense;many_sccs;DAG_Shortest;6;0.001875;6.000000
9;50;200;dense;many_sccs;DAG_Longest;6;0.001500;17.900000
